URL,Last crawled
https://www.orangejelly.co.uk/fix-my-pub,1970-01-01
https://www.orangejelly.co.uk/pub-marketing,1970-01-01
https://www.orangejelly.co.uk/pub-marketing-berkshire,1970-01-01
https://www.orangejelly.co.uk/pub-marketing-buckinghamshire,1970-01-01
https://www.orangejelly.co.uk/pub-marketing-hampshire,1970-01-01
https://www.orangejelly.co.uk/pub-marketing-hertfordshire,1970-01-01
https://www.orangejelly.co.uk/pub-marketing-kent,1970-01-01
https://www.orangejelly.co.uk/pub-marketing-london,1970-01-01
https://www.orangejelly.co.uk/pub-marketing-oxfordshire,1970-01-01
https://www.orangejelly.co.uk/pub-marketing-surrey,1970-01-01
https://www.orangejelly.co.uk/services/content-creation-for-pubs,1970-01-01
https://www.orangejelly.co.uk/services/facebook-services-for-pubs,1970-01-01
https://www.orangejelly.co.uk/services/instagram-services-for-pubs,1970-01-01
https://www.orangejelly.co.uk/services/paid-social-for-pubs,1970-01-01
https://www.orangejelly.co.uk/services/social-media-marketing-for-pubs,1970-01-01