Top queries,Clicks,Impressions,CTR,Position
pub event ideas,0,164,0%,17.43
pub marketing agency,0,126,0%,14.54
event ideas for pubs,0,106,0%,23.7
social media marketing for pubs,0,81,0%,11.16
instagram services for pubs,0,80,0%,4.22
paid social for pubs,0,65,0%,3.43
content creation for pubs,0,61,0%,7.34
how to create a pub menu,0,51,0%,31.9
bar refurbishment,0,49,0%,41.37
quiz night format,0,48,0%,48.15
boost pub revenue with events,0,48,0%,49.83
how to attract families to pubs,0,47,0%,31.23
pop up events for pubs,0,44,0%,63.64
digital marketing for pubs,0,44,0%,82.59
pub marketing,0,40,0%,20.23
marketing agency for pubs,0,37,0%,15.24
bar social media marketing,0,34,0%,80.79
quiz night event details,0,33,0%,12.03
most profitable bar food,0,33,0%,17.15
family friendly activities to increase pub footfall,0,32,0%,42.66
instagram for pubs,0,31,0%,4.97
profitable menu items,0,31,0%,32.35
marketing agency for nightclubs,0,30,0%,34.9
pub entertainment ideas,0,29,0%,11.03
quiz night ideas,0,28,0%,4.36
pub premium,0,28,0%,8.11
pubs and bars marketing solutions,0,26,0%,8.73
premiumisation in your pub,0,26,0%,14.96
kids craft pop up events for pubs,0,26,0%,39.19
quiz night format details,0,25,0%,11.16
fix my pub,0,22,0%,5.91
how to manage entertainment budgets for pubs,0,22,0%,9.14
pub refurbishment,0,22,0%,74.82
facebook services for pubs,0,21,0%,5.76
pub social media,0,20,0%,8.6
how to organise events to attract families to pubs,0,20,0%,34.75
jelly seo,0,20,0%,64.6
christmas event ideas for pubs,0,19,0%,10.79
pub promotions that work,0,18,0%,39.06
pub events ideas,0,17,0%,15
marketing agency for bars,0,17,0%,27.71
social media for pubs,0,16,0%,14.19
hospitality action plan,0,15,0%,22.6
pub business recovery services stockport,0,14,0%,7.36
christmas pub ideas,0,14,0%,15.93
how to increase culinary audience engagement,0,14,0%,69.86
pub refurbishments,0,14,0%,84.07
social video services for pubs,0,13,0%,3.38
ideas for pub events,0,13,0%,18.15
craft events for pubs,0,13,0%,19.23
digital marketing pub,0,13,0%,22.69
local content marketing,0,13,0%,86.38
agency for pubs,0,12,0%,60.42
pub menu ideas,0,11,0%,15
pub garden games,0,11,0%,26.45
facebook for pubs,0,10,0%,2.1
social video for pubs,0,9,0%,6.22
pub seo,0,9,0%,8.56
marketing for pubs,0,9,0%,21.22
outdoor events ideas,0,9,0%,25.89
tips busy pubs christmas,0,8,0%,2
pub health,0,8,0%,11.62
partner with kids entertainment providers for pubs,0,8,0%,13
kids entertainment for pubs,0,8,0%,32.12
pub night ideas,0,8,0%,55.62
sunday strategy and content,0,8,0%,69
pub story ideas,0,7,0%,13.86
ideas for pub nights,0,7,0%,14.43
marketing companies for restaurants,0,7,0%,26.43
12 days of christmas pub ideas,0,7,0%,26.86
pub quiz themes,0,7,0%,68.43
quiz night schedule details,0,6,0%,11
pubs and restaurants specialist,0,6,0%,11.83
events for pubs,0,6,0%,15.67
summer bar promotion ideas,0,6,0%,30.83
new years eve pub ideas,0,6,0%,38.33
pub sports promotions,0,6,0%,43.5
christmas ideas for pubs,0,5,0%,3.2
"ping ""monthly themes"" 2025 july",0,5,0%,4.6
content creation services for pubs,0,5,0%,8.4
social media pub,0,5,0%,17.8
increase pub and bar bookings,0,5,0%,22.2
jelly hashtag instagram,0,5,0%,25.8
hospitality marketing firms,0,5,0%,26.6
christmas pub event ideas,0,5,0%,33.2
upselling phrases,0,5,0%,41
pub ideas,0,5,0%,72.2
pub food purchasing solution,0,5,0%,73.4
outdoor promotions,0,4,0%,16.75
securing empty pub,0,4,0%,16.75
high profit food items,0,4,0%,25
bar refurbishment ideas,0,4,0%,28.25
pub ideas promotion,0,4,0%,38.25
pub loyalty scheme,0,4,0%,80.5
summer event entertainment,0,4,0%,86.5
high roller,0,3,0%,1
ai automation for pubs liverpool,0,3,0%,2.67
quiz nights ideas,0,3,0%,3.33
high profit menu items,0,3,0%,4.33
upsell script,0,3,0%,4.33
pub events,0,3,0%,13
pub entertainment,0,3,0%,20.33
pub promotion ideas,0,3,0%,48
empty pub security,0,3,0%,54
energy bill shock,0,3,0%,56.67
categories for pub quiz,0,3,0%,74.67
pub quiz subjects,0,3,0%,76.33
pub quiz ideas,0,3,0%,76.67
bar entertainment ideas,0,3,0%,79.67
creative promotional ideas for bars,0,3,0%,90.33
premium brand positioning,0,3,0%,97
community management services for pubs,0,2,0%,1
quiz night themes,0,2,0%,1
summer party,0,2,0%,1
more ideas,0,2,0%,2
"""monthly themes"" 2025 july ping",0,2,0%,6
pub business recovery,0,2,0%,6.5
pub christmas event ideas,0,2,0%,8.5
pub rescue,0,2,0%,9.5
pub food menu ideas,0,2,0%,10.5
pub specials ideas,0,2,0%,14.5
licensee pub,0,2,0%,17.5
pub events and activities,0,2,0%,18.5
pub activities,0,2,0%,21
pub jelly,0,2,0%,27.5
menu margin,0,2,0%,28
quiz that happens every week,0,2,0%,30.5
the seo pub,0,2,0%,45
ideas for pubs,0,2,0%,50
jelly solutions,0,2,0%,57
pub party ideas,0,2,0%,67.5
ideas for pub quiz rounds,0,2,0%,69
pub promotion,0,2,0%,69
restaurant legal specialist,0,2,0%,70.5
quiz theme ideas,0,2,0%,71.5
unique content marketing ideas,0,2,0%,73
quiz night categories,0,2,0%,76
pub quiz categories,0,2,0%,79.5
pub ideas to make money,0,2,0%,87
example of upselling script,0,2,0%,90.5
pun quiz calendar,0,2,0%,90.5
can you give me more,0,1,0%,1
main dishes,0,1,0%,1
more games,0,1,0%,1
more ideas please,0,1,0%,1
nog meer,0,1,0%,1
nog meer ideeen,0,1,0%,1
paid social services for pubs,0,1,0%,1
premium positioning,0,1,0%,1
pub quizzes,0,1,0%,1
pub videos,0,1,0%,1
cheap,0,1,0%,2
haggle for profit on beer sales,0,1,0%,2
in the uk,0,1,0%,2
for sale pub menu,0,1,0%,3
social media post,0,1,0%,3
the pack horse hayfield menu,0,1,0%,3
fromebridge mill menu,0,1,0%,4
fun things to do at a party,0,1,0%,4
pub theme night ideas,0,1,0%,4
the orange pub menu,0,1,0%,4
you are not getting it,0,1,0%,4
king charles chesham menu,0,1,0%,5
summer pub,0,1,0%,5
pub quiz,0,1,0%,6
the orange tree hitchin menu,0,1,0%,6
compare jelly vs supy for restaurants,0,1,0%,7
jelly hospitality,0,1,0%,7
pub meals perth,0,1,0%,7
"""monthly themes"" 2025 ping july",0,1,0%,8
quiz night participation details,0,1,0%,8
the never say never menu,0,1,0%,8
"the new inn, mayshill menu",0,1,0%,9
jelly pub,0,1,0%,10
the crooked billet hook menu,0,1,0%,10
the shannon menu,0,1,0%,10
pub ideas for christmas,0,1,0%,11
can you think of any more?,0,1,0%,13
pub christmas ideas,0,1,0%,13
pub theme night ideas uk,0,1,0%,15
wintoolkit,0,1,0%,15
the unofficial wetherspoons guide,0,1,0%,16
devjelly ltd,0,1,0%,18
licensee of public house,0,1,0%,20
marketing ideas for pubs,0,1,0%,20
wetherspoons competitors,0,1,0%,20
ideas for bars promotion,0,1,0%,22
pub quiz format ideas,0,1,0%,22
pub hashtags,0,1,0%,26
pub refit,0,1,0%,27
get content get customers,0,1,0%,29
pub help,0,1,0%,31
pub promotions,0,1,0%,32
pub theme nights,0,1,0%,32
upselling script,0,1,0%,32
ideas for pub,0,1,0%,35
community outreach ideas for businesses,0,1,0%,38
quiz format ideas,0,1,0%,40
jellys restaurant,0,1,0%,42
local marketing costs,0,1,0%,45
fun quiz night,0,1,0%,46
get jelly,0,1,0%,48
pub refurbishment opportunities,0,1,0%,48
quiz night background,0,1,0%,49
pub it solutions,0,1,0%,55
"-site:facebook.com -site:fb.me -site:youtube.com -site:youtu.be 
-site:youtube.be -site:twitter.com -site:instagram.com -site:tiktok.com 
-site:vm.tiktok.com -site:t.co -site:x.com -site:reddit.com ""ga4 "" +""real""",0,1,0%,58
quiz night rounds,0,1,0%,58
what is a quiz night,0,1,0%,58
promotions now gift ideas,0,1,0%,62
content calendars for local market engagement,0,1,0%,63
fun ideas for quiz nights,0,1,0%,63
pub quiz round ideas,0,1,0%,65
pub quiz rounds ideas,0,1,0%,65
restaurant refurbishment tips,0,1,0%,68
bar christmas ideas,0,1,0%,71
pub advertising,0,1,0%,74
pub quiz format,0,1,0%,74
pub quiz formats,0,1,0%,76
bar events ideas,0,1,0%,77
fun pub quiz ideas,0,1,0%,77
good pub quiz categories,0,1,0%,79
drive foot traffic,0,1,0%,87
pub christmas decorations,0,1,0%,88
how to run a quiz night,0,1,0%,89
jelly booking,0,1,0%,89
pub quiz theme ideas,0,1,0%,94
what is quiz night,0,1,0%,94
how to organise a quiz night,0,1,0%,96
most profitable menu items,0,1,0%,96
social media marketing for bars,0,1,0%,97
how to promote a bar on social media examples,0,1,0%,100
pub service,0,1,0%,100